DHCP Server,ServerHostEX001
DHCP Server,ServerHostEX002
DHCP Server,ServerHostEX003
DFS Server,ServerHostEX004
DFS Server,ServerHostEX005
DFS Server,ServerHostEX006
DFS Server,ServerHostEX007
Active Directory,ServerHostEX008
Active Directory,ServerHostEX009
Spectrum,ServerHostEX010
Spectrum,ServerHostEX011
Spectrum,ServerHostEX012
SQL,ServerHostEX013
SQL,ServerHostEX014
SQL,ServerHostEX015
SharePoint,ServerHostEX016
SharePoint,ServerHostEX017
SharePoint,ServerHostEX018
SharePoint,ServerHostEX019
SharePoint,ServerHostEX020
Splunk,ServerHostEX021
Splunk,ServerHostEX022
,ServerHostEX023
,ServerHostEX024
,ServerHostEX025
